{
  "meta_title": "",
  "meta_description": "",
  "sections": [
    {
      "type": "banner-slider",
      "autoplay": 9000,
      "slides": [
        {
          "start": "2021-03-29T19:28:53.368Z",
          "end": "2021-06-30T19:28:54.626Z",
          "img": "/img/uploads/dia_a_dia_mahav_banner_web.png",
          "mobile_img": "/img/uploads/dia_a_dia_mahav_banner_mobile.png",
          "link": "https://www.jessimake.com.br/mahav"
        },
        {
          "start": "2021-02-24T21:02:54.264Z",
          "end": "2021-05-28T03:00:00.000Z",
          "img": "/img/uploads/f7cac7-1-.png",
          "mobile_img": "/img/uploads/adicionar-um-titulo-1-.png"
        },
        {
          "start": "2021-02-24T21:02:58.838Z",
          "end": "2021-09-30T03:00:00.000Z",
          "img": "/img/uploads/novo-banner-frete-1-.png",
          "mobile_img": "/img/uploads/frete-gratis-1-.png",
          "link": "https://www.jessimake.com.br/pages/regulamento-de-entrega"
        },
        {
          "start": "2021-03-01T12:30:54.257Z",
          "end": "2021-06-01T12:30:00.000Z",
          "img": "/img/uploads/_confira-o-regulamento-de-entrega-1-.png",
          "mobile_img": "/img/uploads/banner-frete-1-.png"
        }
      ]
    },
    {
      "type": "info-bar",
      "enabled": true
    },
    {
      "type": "offers-timer",
      "max_hours": 120,
      "start": "2021-04-13T20:23:32.008Z",
      "end": "2021-04-15T20:00:00.000Z",
      "notes": "Promoção do Dia! Não esqueça de sempre entrar em nosso site para conferir nossas promoções diárias!",
      "offers": [
        "603a857c9332dd6865e148e0",
        "603a85609332dd6865e148cf"
      ]
    },
    {
      "type": "collection-shelf",
      "shuffle": true,
      "collection_id": "6048db0ca735d032cbb6acb2:categories:NOVIDADES:/novidades",
      "limit": 24,
      "page": 1,
      "title": "Produtos que acabaram de chegar ",
      "sort": "news"
    },
    {
      "type": "responsive-banner",
      "img": "/img/uploads/banner_adversa_1.png",
      "link": "https://www.jessimake.com.br/adversa",
      "mobile_img": "/img/uploads/novidades-adversa.png"
    },
    {
      "type": "collection-shelf",
      "shuffle": true,
      "limit": 24,
      "page": 1,
      "collection_id": "603941b19332dd6865e03630:categories:PRODUTOS EM PROMOÇÃO:/produtos-em-promocao",
      "sort": "slug",
      "title": "Produtos em Promoção",
      "headless": false
    },
    {
      "type": "banners-grid",
      "banners": [
        {
          "img": "/img/uploads/descontos-de-ate-1-.png",
          "link": "https://jessimakeacessorios.netlify.app/promocao-dia-da-mulher"
        },
        {
          "img": "/img/uploads/e-rapido-e-seguro-2-.png"
        }
      ]
    },
    {
      "type": "collection-shelf",
      "shuffle": true,
      "limit": 24,
      "page": 1,
      "sort": null,
      "title": "Mais vendidos",
      "headless": false
    },
    {
      "type": "collection-shelf",
      "shuffle": true,
      "limit": 24,
      "page": 1,
      "collection_id": "603d4932e04bb619ee4b6251:categories:RUBY ROSE:/ruby-rose",
      "title": "Top Marcas",
      "headless": true,
      "sort": "sales"
    },
    {
      "type": "collection-shelf",
      "shuffle": true,
      "limit": 24,
      "page": 1,
      "headless": true,
      "sort": null,
      "collection_id": "603d4b85e04bb619ee4b658e:categories:SP COLORS:/sp-colors"
    }
  ]
}